board models,Count
820-3115,6495
820-3330,1339
820-2330,341
820-3024,240
820-2850,1800
820-2879,1391
820-2915,2703
820-3332,2492
820-2936,3124
820-3437,4510
820-3023,586
820-3476,3031
820-3787,1308
820-2784,20
820-3209,976
820-2523,216
820-2327,129
820-3662,1427
820-2530,640
820-2533,129
820-3427,13
820-3462,967
820-2532,73
820-3536,755
820-3435,1070
820-1889,5
820-4924,4703
820-2838,290
820-2132,8
820-2796,146
820-3115B,131
820-00138,1198
820-2849,318
820-3588,137
820-3208,454
820-00165,9134
820-2855,42
820-2610,250
820-2610A,5
820-2899,8
820-00164,889
820-00163,521
820-3209A,29
820-2914,731
820-3417,4
820-2494,52
820-3113,24
820-2877,101
820-3330B,59
820-00244,618
820-2390,92
820-2101,30
820-3436,31
820-2993,16
820-2301,8
820-3126,243
820-3663,6
820-3262,11
820-0165,78
820-2249,27
820-2577,19
820-00045,716
820-2828,44
820-2375,40
820-2567,45
820-00426,539
820-2916,5
820-3302,214
820-3432,35
820-4668,82
820-2850A,37
820-2915B,11
820-2875,12
820-00430,76
820-3059,15
820-4942,60
820-00281,1661
820-00239,1858
820-5494,3
820-3437B,133
820-3332A,69
820-3547,5
820-3228,27
820-2915A,10
820-2978,23
820-00183,10
820-2110,2
820-00875,700
820-3476A,27
820-3023A,16
820-00180,2
820-3481,54
820-3546,4
820-2128,6
820-5482,3
820-2309,2
820-3926,12
820-3642,13
820-4927,9
820-2476,5
820-00840,3712
820-2396,18
820-2519,20
820-3202,5
820-2914A,10
820-3299,19
820-2936B,66
820-3747,14
820-2901,35
820-2115,13
820-00923,1379
820-5509,13
820-3032,20
820-00245,4
820-3942,7
820-3534,9
820-00928,1473
820-3462A,18
820-3190,14
820-8435,8
820-2663,10
820-2366,3
820-2733,9
820-4929,25
820-2179,16
820-34374,8
820-3034,4
820-3660,12
820-2936A,63
820-3208A,55
820-3492,25
820-2779,9
820-00923A,9
820-2997,5
820-00687,146
820-00281A,44
820-0239,4
820-3475,4
820-2879B,52
820-4924A,71
820-2950,3
820-00045A,66
820-00850,1754
820-00165A,226
820-00134,56
820-4652,76
820-2614,3
820-3635,21
820-00431,47
820-3478,105
820-3787A,40
820-4923,6
820-2507,6
820-00034,169
820-0045,36
820-00292,48
820-01041,1119
820-00926,15
820-00967,49
820-4824,2
820-0141,5
820-01521,1396
820-00143,6
820-01598,1084
820-3237,3
820-0152,9
820-00164A,41
820-3482,31
820-01814,416
820-01700,1738
820-0084,8
820-2936C,4
820-00615,4
820-2641,33
820-2883,45
820-00170,13
820-00138A,20
820-3737,3
820-4925,9
820-00426A,10
820-01814A,11
820-00875A,42
820-2361,17
820-0015,6
820-3315,28
820-01521A,4
820-00939,26
820-00291,52
820-01418,8
820-01055,11
820-3588A,4
820-3299A,39
820-5209,3
820-00293,4
820-00480,13
820-4926,5
820-3467,37
820-01949,449
820-01987,803
820-00185,17
820-2347,5
820-01958,895
820-2924,21
820-1700,41
820-3536A,28
820-3024B,4
820-00928A,15
820-01124,4
820-01827,35
820-0016,11
820-01326,44
820-00609,41
820-3298,2
820-00136,1
820-00597,73
820-0840,27
820-02016,386
820-01236,19
820-00392,25
820-3435B,5
820-01040,4
820-01069,28
820-01237,23
820-00821,6
820-0045A,2
820-02020,696
820-01310,8
820-3558,10
820-2262,26
820-2491,12
820-01841,19
820-02987,5
820-1700A,2
820-2020,4
820-01598A,25
820-02020A,5
820-01061,38
820-3071,70
820-01897,14
820-1976,4
820-2337,18
820-10958,2
820-1075,3
820-2494A,43
820-0923,2
820-8250,9
820-3362,6
820-00629,3
820-1521,6
820-3535,10
820-02098,337
820-1949,13
820-5029,14
820-01959,3
820-2279,6
820-02536,4
820-0092,5
820-28789,6
820-02100,105
820-1987,19
820-1814,3
820-3637,10
820-02091,4
820-02773,82
820-02037,8
820-00012,6
820-02382,79
820-3764,4
820-3455,3
820-01823,16
820-3488,2
820-01779,19
820-02443,5
820-01512,46
820-02862,3
820-3584,4
820-0521,18
820-00145,7
820-8330,2
820-02890,28
820-1958,8
820-2979,1
820-3290,1
820-2565,8
820-1530,1
820-2333,1
820-2532A,1
820-2662,1
820-32115,1
820-2580,1
820-3200,1
820-2926,1
820-3235,1
820-3115S,1
820-3300,1
820-2496,2
820-2201,1
820-1722,1
820-3539,2
820-3453,4
820-2091,1
820-3226,2
820-4049,2
820-3208W,1
820-3738,3
820-00452,2
820-3662A,1
820-2353,3
820-3213B,1
820-0138,1
820-3115A,1
820-4940,1
820-3057,2
820-0034,1
820-0064,1
820-4347,1
820-2939,1
820-3332S,1
820-00044,1
820-00298,1
820-0928,1
820-2023,1
820-2627,1
820-03437,1
820-01658,1
820-00150,1
820-00928B,1
820-0065,1
820-2140,1
820-01165,1
820-3435C,1
820-00236,1
820-3885,1
820-2462,1
820-07100,1
820-00246,1
820-01992,1
820-3320,1
820-01598B,1
820-02288,1
820-01401A,1
820-01041A,1
820-3215,1
820-09158,2
820-00269,1
820-3227,1
820-3214,2
820-3213,2
820-1494,1
820-01654,1
820-00687A,1
820-0050,1
820-01190,1
820-2101A,1
820-1598,1
820-3323,1
